Name,Author,UR,CR,AR,Year
"Goodnight, Goodnight Construction Site (Hardcover Books for Toddlers, Preschool Books for Kids)",Sherri Duskey Rinker,4.9,4,4.45,2012
Jesus Calling: Enjoying Peace in His Presence (with Scripture References),Sarah Young,4.9,4,4.45,2011
Obama: An Intimate Portrait,Pete Souza,4.9,4,4.45,2017
The Very Hungry Caterpillar,Eric Carle,4.9,4,4.45,2015
The Very Hungry Caterpillar,Eric Carle,4.9,4,4.45,2016
The Very Hungry Caterpillar,Eric Carle,4.9,4,4.45,2018
The Wonderful Things You Will Be,Emily Winfield Martin,4.9,4,4.45,2018
Dog Man and Cat Kid: From the Creator of Captain Underpants (Dog Man #4),Dav Pilkey,4.9,3,3.95,2018
Dog Man: Brawl of the Wild: From the Creator of Captain Underpants (Dog Man #6),Dav Pilkey,4.9,3,3.95,2018
Dog Man: Fetch-22: From the Creator of Captain Underpants (Dog Man #8),Dav Pilkey,4.9,3,3.95,2019
Dog Man: Lord of the Fleas: From the Creator of Captain Underpants (Dog Man #5),Dav Pilkey,4.9,3,3.95,2018
"Harry Potter and the Chamber of Secrets: The Illustrated Edition (Harry Potter, Book 2)",J.K. Rowling,4.9,3,3.95,2016
"Harry Potter and the Goblet of Fire: The Illustrated Edition (Harry Potter, Book 4) (4)",J. K. Rowling,4.9,3,3.95,2019
Humans of New York : Stories,Brandon Stanton,4.9,3,3.95,2015
Jesus Calling: Enjoying Peace in His Presence (with Scripture References),Sarah Young,4.9,3,3.95,2015
Little Blue Truck,Alice Schertle,4.9,3,3.95,2014
"Oh, the Places You'll Go!",Dr. Seuss,4.9,3,3.95,2012
"Oh, the Places You'll Go!",Dr. Seuss,4.9,3,3.95,2016
Strange Planet (Strange Planet Series),Nathan W. Pyle,4.9,3,3.95,2019
The Very Hungry Caterpillar,Eric Carle,4.9,3,3.95,2013
The Very Hungry Caterpillar,Eric Carle,4.9,3,3.95,2019
The Wonderful Things You Will Be,Emily Winfield Martin,4.9,3,3.95,2016
The Wonderful Things You Will Be,Emily Winfield Martin,4.9,3,3.95,2017
"Brown Bear, Brown Bear, What Do You See?",Bill Martin Jr.,4.9,2,3.45,2017
Dog Man: A Tale of Two Kitties: From the Creator of Captain Underpants (Dog Man #3),Dav Pilkey,4.9,2,3.45,2017
"Goodnight, Goodnight Construction Site (Hardcover Books for Toddlers, Preschool Books for Kids)",Sherri Duskey Rinker,4.9,2,3.45,2013
Hamilton: The Revolution,Lin-Manuel Miranda,4.9,2,3.45,2016
Jesus Calling: Enjoying Peace in His Presence (with Scripture References),Sarah Young,4.9,2,3.45,2012
Jesus Calling: Enjoying Peace in His Presence (with Scripture References),Sarah Young,4.9,2,3.45,2014
Jesus Calling: Enjoying Peace in His Presence (with Scripture References),Sarah Young,4.9,2,3.45,2016
"Last Week Tonight with John Oliver Presents A Day in the Life of Marlon Bundo (Better Bundo Book, LGBT Childrens Book)",Jill Twiss,4.9,2,3.45,2018
"Oh, the Places You'll Go!",Dr. Seuss,4.9,2,3.45,2014
Rush Revere and the First Patriots: Time-Travel Adventures With Exceptional Americans (2),Rush Limbaugh,4.9,2,3.45,2014
The Legend of Zelda: Hyrule Historia,Patrick Thorpe,4.9,2,3.45,2013
The Magnolia Story,Chip Gaines,4.9,2,3.45,2016
The Very Hungry Caterpillar,Eric Carle,4.9,2,3.45,2017
The Wonderful Things You Will Be,Emily Winfield Martin,4.9,2,3.45,2019
"Brown Bear, Brown Bear, What Do You See?",Bill Martin Jr.,4.9,1,2.95,2019
Dog Man: Brawl of the Wild: From the Creator of Captain Underpants (Dog Man #6),Dav Pilkey,4.9,1,2.95,2019
Dog Man: For Whom the Ball Rolls: From the Creator of Captain Underpants (Dog Man #7),Dav Pilkey,4.9,1,2.95,2019
"Harry Potter and the Prisoner of Azkaban: The Illustrated Edition (Harry Potter, Book 3)",J.K. Rowling,4.9,1,2.95,2017
"Harry Potter and the Sorcerer's Stone: The Illustrated Edition (Harry Potter, Book 1)",J.K. Rowling,4.9,1,2.95,2016
Jesus Calling: Enjoying Peace in His Presence (with Scripture References),Sarah Young,4.9,1,2.95,2013
"Oh, the Places You'll Go!",Dr. Seuss,4.9,1,2.95,2013
"Oh, the Places You'll Go!",Dr. Seuss,4.9,1,2.95,2015
"Oh, the Places You'll Go!",Dr. Seuss,4.9,1,2.95,2017
"Oh, the Places You'll Go!",Dr. Seuss,4.9,1,2.95,2018
"Oh, the Places You'll Go!",Dr. Seuss,4.9,1,2.95,2019
Rush Revere and the Brave Pilgrims: Time-Travel Adventures with Exceptional Americans (1),Rush Limbaugh,4.9,1,2.95,2013
The Very Hungry Caterpillar,Eric Carle,4.9,1,2.95,2014
Unfreedom of the Press,Mark R. Levin,4.9,1,2.95,2019
Wrecking Ball (Diary of a Wimpy Kid Book 14),Jeff Kinney,4.9,1,2.95,2019
Creative Haven Owls Coloring Book (Adult Coloring),Marjorie Sarnat,4.8,4,4.4,2015
Dear Zoo: A Lift-the-Flap Book,Rod Campbell,4.8,4,4.4,2017
Go the F**k to Sleep,Adam Mansbach,4.8,4,4.4,2011
Goodnight Moon,Margaret Wise Brown,4.8,4,4.4,2017
Guts,Raina Telgemeier,4.8,4,4.4,2019
"I Am Confident, Brave & Beautiful: A Coloring Book for Girls",Hopscotch Girls,4.8,4,4.4,2019
It's Not Supposed to Be This Way: Finding Unexpected Strength When Disappointments Leave You Shattered,Lysa TerKeurst,4.8,4,4.4,2019
Killing the Rising Sun: How America Vanquished World War II Japan (Bill O'Reilly's Killing Series),Bill O'Reilly,4.8,4,4.4,2016
Kitchen Confidential Updated Edition: Adventures in the Culinary Underbelly (P.S.),Anthony Bourdain,4.8,4,4.4,2018
Love You Forever,Robert Munsch,4.8,4,4.4,2014
Love You Forever,Robert Munsch,4.8,4,4.4,2015
Magnolia Table: A Collection of Recipes for Gathering,Joanna Gaines,4.8,4,4.4,2018
Old School (Diary of a Wimpy Kid #10),Jeff Kinney,4.8,4,4.4,2015
Percy Jackson and the Olympians Paperback Boxed Set (Books 1-3),Rick Riordan,4.8,4,4.4,2010
The 5000 Year Leap,W. Cleon Skousen,4.8,4,4.4,2009
The Blood of Olympus (The Heroes of Olympus (5)),Rick Riordan,4.8,4,4.4,2014
The Constitution of the United States,Delegates of the Constitutional,4.8,4,4.4,2016
The Day the Crayons Quit,Drew Daywalt,4.8,4,4.4,2015
The Going-To-Bed Book,Sandra Boynton,4.8,4,4.4,2016
The Help,Kathryn Stockett,4.8,4,4.4,2010
The Hunger Games Trilogy Boxed Set (1),Suzanne Collins,4.8,4,4.4,2012
"The Last Olympian (Percy Jackson and the Olympians, Book 5)",Rick Riordan,4.8,4,4.4,2009
"The Last Olympian (Percy Jackson and the Olympians, Book 5)",Rick Riordan,4.8,4,4.4,2010
The Meltdown (Diary of a Wimpy Kid Book 13),Jeff Kinney,4.8,4,4.4,2018
The Nightingale: A Novel,Kristin Hannah,4.8,4,4.4,2015
The Pout-Pout Fish,Deborah Diesen,4.8,4,4.4,2018
"The Serpent's Shadow (The Kane Chronicles, Book 3)",Rick Riordan,4.8,4,4.4,2012
"The Son of Neptune (Heroes of Olympus, Book 2)",Rick Riordan,4.8,4,4.4,2011
To Kill a Mockingbird,Harper Lee,4.8,4,4.4,2015
To Kill a Mockingbird,Harper Lee,4.8,4,4.4,2016
To Kill a Mockingbird,Harper Lee,4.8,4,4.4,2019
"Unbroken: A World War II Story of Survival, Resilience, and Redemption",Laura Hillenbrand,4.8,4,4.4,2010
"Unbroken: A World War II Story of Survival, Resilience, and Redemption",Laura Hillenbrand,4.8,4,4.4,2014
Watchmen,Alan Moore,4.8,4,4.4,2009
Where the Wild Things Are,Maurice Sendak,4.8,4,4.4,2009
Alexander Hamilton,Ron Chernow,4.8,3,3.9,2016
Becoming,Michelle Obama,4.8,3,3.9,2018
Becoming,Michelle Obama,4.8,3,3.9,2019
Creative Haven Creative Cats Coloring Book (Adult Coloring),Marjorie Sarnat,4.8,3,3.9,2015
Giraffes Can't Dance,Giles Andreae,4.8,3,3.9,2015
Giraffes Can't Dance,Giles Andreae,4.8,3,3.9,2017
Goodnight Moon,Margaret Wise Brown,4.8,3,3.9,2018
Have a Little Faith: A True Story,Mitch Albom,4.8,3,3.9,2009
Homebody: A Guide to Creating Spaces You Never Want to Leave,Joanna Gaines,4.8,3,3.9,2018
Humans of New York,Brandon Stanton,4.8,3,3.9,2013
Player's Handbook (Dungeons & Dragons),Wizards RPG Team,4.8,3,3.9,2019
"The Body Keeps the Score: Brain, Mind, and Body in the Healing of Trauma",Bessel van der Kolk M.D.,4.8,3,3.9,2019
The Book with No Pictures,B. J. Novak,4.8,3,3.9,2015
The Boys in the Boat: Nine Americans and Their Epic Quest for Gold at the 1936 Berlin Olympics,Daniel James Brown,4.8,3,3.9,2015
The Getaway,Jeff Kinney,4.8,3,3.9,2017
The Help,Kathryn Stockett,4.8,3,3.9,2009
"The House of Hades (Heroes of Olympus, Book 4)",Rick Riordan,4.8,3,3.9,2013
The Hunger Games Trilogy Boxed Set (1),Suzanne Collins,4.8,3,3.9,2011
The Pioneer Woman Cooks: Food from My Frontier,Ree Drummond,4.8,3,3.9,2012
The Pout-Pout Fish,Deborah Diesen,4.8,3,3.9,2017
The Wonky Donkey,Craig Smith,4.8,3,3.9,2018
The Wonky Donkey,Craig Smith,4.8,3,3.9,2019
To Kill a Mockingbird,Harper Lee,4.8,3,3.9,2014
Where the Crawdads Sing,Delia Owens,4.8,3,3.9,2019
Wonder,R. J. Palacio,4.8,3,3.9,2015
Wonder,R. J. Palacio,4.8,3,3.9,2016
"5,000 Awesome Facts (About Everything!) (National Geographic Kids)",National Geographic Kids,4.8,2,3.4,2019
Barefoot Contessa Foolproof: Recipes You Can Trust: A Cookbook,Ina Garten,4.8,2,3.4,2012
Can't Hurt Me: Master Your Mind and Defy the Odds,David Goggins,4.8,2,3.4,2019
Dear Zoo: A Lift-the-Flap Book,Rod Campbell,4.8,2,3.4,2016
"Diary of a Wimpy Kid: Hard Luck, Book 8",Jeff Kinney,4.8,2,3.4,2013
Diary of a Wimpy Kid: The Last Straw (Book 3),Jeff Kinney,4.8,2,3.4,2009
"Dog Days (Diary of a Wimpy Kid, Book 4) (Volume 4)",Jeff Kinney,4.8,2,3.4,2009
Double Down (Diary of a Wimpy Kid #11),Jeff Kinney,4.8,2,3.4,2016
Giraffes Can't Dance,Giles Andreae,4.8,2,3.4,2016
Giraffes Can't Dance,Giles Andreae,4.8,2,3.4,2018
"Happy, Happy, Happy: My Life and Legacy as the Duck Commander",Phil Robertson,4.8,2,3.4,2013
Humans of New York,Brandon Stanton,4.8,2,3.4,2014
If Animals Kissed Good Night,Ann Whitford Paul,4.8,2,3.4,2017
Liberty and Tyranny: A Conservative Manifesto,Mark R. Levin,4.8,2,3.4,2009
Player's Handbook (Dungeons & Dragons),Wizards RPG Team,4.8,2,3.4,2017
Player's Handbook (Dungeons & Dragons),Wizards RPG Team,4.8,2,3.4,2018
Puppy Birthday to You! (Paw Patrol) (Little Golden Book),Golden Books,4.8,2,3.4,2017
"Salt, Fat, Acid, Heat: Mastering the Elements of Good Cooking",Samin Nosrat,4.8,2,3.4,2018
"Salt, Fat, Acid, Heat: Mastering the Elements of Good Cooking",Samin Nosrat,4.8,2,3.4,2019
Ship of Fools: How a Selfish Ruling Class Is Bringing America to the Brink of Revolution,Tucker Carlson,4.8,2,3.4,2018
The 5 Love Languages: The Secret to Love that Lasts,Gary Chapman,4.8,2,3.4,2019
The Boys in the Boat: Nine Americans and Their Epic Quest for Gold at the 1936 Berlin Olympics,Daniel James Brown,4.8,2,3.4,2014
The Day the Crayons Quit,Drew Daywalt,4.8,2,3.4,2014
The Help,Kathryn Stockett,4.8,2,3.4,2011
The Help,Kathryn Stockett,4.8,2,3.4,2011
"The Mark of Athena (Heroes of Olympus, Book 3)",Rick Riordan,4.8,2,3.4,2012
The Nightingale: A Novel,Kristin Hannah,4.8,2,3.4,2016
"The Pioneer Woman Cooks: Dinnertime - Comfort Classics, Freezer Food, 16-minute Meals, and Other Delicious Ways to Solve…",Ree Drummond,4.8,2,3.4,2015
"The Ugly Truth (Diary of a Wimpy Kid, Book 5)",Jeff Kinney,4.8,2,3.4,2010
"Towers of Midnight (Wheel of Time, Book Thirteen)",Robert Jordan,4.8,2,3.4,2010
"Unbroken: A World War II Story of Survival, Resilience, and Redemption",Laura Hillenbrand,4.8,2,3.4,2011
"Unbroken: A World War II Story of Survival, Resilience, and Redemption",Laura Hillenbrand,4.8,2,3.4,2012
"Unbroken: A World War II Story of Survival, Resilience, and Redemption",Laura Hillenbrand,4.8,2,3.4,2014
Unicorn Coloring Book: For Kids Ages 4-8 (US Edition) (Silly Bear Coloring Books),Silly Bear,4.8,2,3.4,2019
Wonder,R. J. Palacio,4.8,2,3.4,2013
Wonder,R. J. Palacio,4.8,2,3.4,2014
Wonder,R. J. Palacio,4.8,2,3.4,2017
Being Mortal: Medicine and What Matters in the End,Atul Gawande,4.8,1,2.9,2015
"Cabin Fever (Diary of a Wimpy Kid, Book 6)",Jeff Kinney,4.8,1,2.9,2011
"Daring Greatly: How the Courage to Be Vulnerable Transforms the Way We Live, Love, Parent, and Lead",Brené Brown,4.8,1,2.9,2013
Dear Zoo: A Lift-the-Flap Book,Rod Campbell,4.8,1,2.9,2015
Dear Zoo: A Lift-the-Flap Book,Rod Campbell,4.8,1,2.9,2018
Diary of a Wimpy Kid: The Long Haul,Jeff Kinney,4.8,1,2.9,2014
Giraffes Can't Dance,Giles Andreae,4.8,1,2.9,2019
Goodnight Moon,Margaret Wise Brown,4.8,1,2.9,2019
Harry Potter Paperback Box Set (Books 1-7),J. K. Rowling,4.8,1,2.9,2016
If Animals Kissed Good Night,Ann Whitford Paul,4.8,1,2.9,2019
"Mastering the Art of French Cooking, Vol. 2",Julia Child,4.8,1,2.9,2009
"National Geographic Kids Why?: Over 1,111 Answers to Everything",Crispin Boyer,4.8,1,2.9,2019
National Geographic Little Kids First Big Book of Why (National Geographic Little Kids First Big Books),Amy Shields,4.8,1,2.9,2019
"School Zone - Big Preschool Workbook - Ages 4 and Up, Colors, Shapes, Numbers 1-10, Alphabet, Pre-Writing, Pre-Reading…",School Zone,4.8,1,2.9,2018
"School Zone - Big Preschool Workbook - Ages 4 and Up, Colors, Shapes, Numbers 1-10, Alphabet, Pre-Writing, Pre-Reading…",School Zone,4.8,1,2.9,2019
The 5 Love Languages: The Secret to Love that Lasts,Gary Chapman,4.8,1,2.9,2015
The 5 Love Languages: The Secret to Love that Lasts,Gary Chapman,4.8,1,2.9,2016
The 5 Love Languages: The Secret to Love that Lasts,Gary Chapman,4.8,1,2.9,2017
The 5 Love Languages: The Secret to Love that Lasts,Gary Chapman,4.8,1,2.9,2018
The Book with No Pictures,B. J. Novak,4.8,1,2.9,2014
The Day the Crayons Quit,Drew Daywalt,4.8,1,2.9,2013
The Going-To-Bed Book,Sandra Boynton,4.8,1,2.9,2017
The Hate U Give,Angie Thomas,4.8,1,2.9,2018
"The Lost Hero (Heroes of Olympus, Book 1)",Rick Riordan,4.8,1,2.9,2010
The Love Dare,Stephen Kendrick,4.8,1,2.9,2009
"The Pioneer Woman Cooks: A Year of Holidays: 140 Step-by-Step Recipes for Simple, Scrumptious Celebrations",Ree Drummond,4.8,1,2.9,2013
To Kill a Mockingbird,Harper Lee,4.8,1,2.9,2013
What Should Danny Do? (The Power to Choose Series),Adir Levy,4.8,1,2.9,2019
When Breath Becomes Air,Paul Kalanithi,4.8,1,2.9,2016
Astrophysics for People in a Hurry,Neil deGrasse Tyson,4.7,4,4.35,2017
Catching Fire (The Hunger Games),Suzanne Collins,4.7,4,4.35,2011
Cravings: Recipes for All the Food You Want to Eat: A Cookbook,Chrissy Teigen,4.7,4,4.35,2016
Doctor Sleep: A Novel,Stephen King,4.7,4,4.35,2013
Educated: A Memoir,Tara Westover,4.7,4,4.35,2019
First 100 Words,Roger Priddy,4.7,4,4.35,2014
First 100 Words,Roger Priddy,4.7,4,4.35,2015
First 100 Words,Roger Priddy,4.7,4,4.35,2017
Heaven is for Real: A Little Boy's Astounding Story of His Trip to Heaven and Back,Todd Burpo,4.7,4,4.35,2011
Milk and Honey,Rupi Kaur,4.7,4,4.35,2018
Pokémon Deluxe Essential Handbook: The Need-to-Know Stats and Facts on Over 700 Pokémon,Scholastic,4.7,4,4.35,2016
The 5 Love Languages: The Secret to Love That Lasts,Gary Chapman,4.7,4,4.35,2010
The Alchemist,Paulo Coelho,4.7,4,4.35,2014
The Big Short: Inside the Doomsday Machine,Michael Lewis,4.7,4,4.35,2010
The Book of Basketball: The NBA According to The Sports Guy,Bill Simmons,4.7,4,4.35,2009
The Fault in Our Stars,John Green,4.7,4,4.35,2012
The Fault in Our Stars,John Green,4.7,4,4.35,2014
The Girl Who Played with Fire (Millennium),Stieg Larsson,4.7,4,4.35,2009
The Guernsey Literary and Potato Peel Pie Society,Mary Ann Shaffer,4.7,4,4.35,2009
The Hunger Games (Book 1),Suzanne Collins,4.7,4,4.35,2011
"The Third Wheel (Diary of a Wimpy Kid, Book 7)",Jeff Kinney,4.7,4,4.35,2012
The Wright Brothers,David McCullough,4.7,4,4.35,2015
What Pet Should I Get? (Classic Seuss),Dr. Seuss,4.7,4,4.35,2015
You Are a Badass: How to Stop Doubting Your Greatness and Start Living an Awesome Life,Jen Sincero,4.7,4,4.35,2016
You Are a Badass: How to Stop Doubting Your Greatness and Start Living an Awesome Life,Jen Sincero,4.7,4,4.35,2018
You Are a Badass: How to Stop Doubting Your Greatness and Start Living an Awesome Life,Jen Sincero,4.7,4,4.35,2019
Between the World and Me,Ta-Nehisi Coates,4.7,3,3.85,2015
Between the World and Me,Ta-Nehisi Coates,4.7,3,3.85,2016
Crazy Love: Overwhelmed by a Relentless God,Francis Chan,4.7,3,3.85,2010
Eclipse (Twilight),Stephenie Meyer,4.7,3,3.85,2009
Educated: A Memoir,Tara Westover,4.7,3,3.85,2018
Fantastic Beasts and Where to Find Them: The Original Screenplay (Harry Potter),J.K. Rowling,4.7,3,3.85,2016
First 100 Words,Roger Priddy,4.7,3,3.85,2016
Harry Potter Coloring Book,Scholastic,4.7,3,3.85,2015
Heaven is for Real: A Little Boy's Astounding Story of His Trip to Heaven and Back,Todd Burpo,4.7,3,3.85,2012
How to Win Friends & Influence People,Dale Carnegie,4.7,3,3.85,2014
"Hyperbole and a Half: Unfortunate Situations, Flawed Coping Mechanisms, Mayhem, and Other Things That Happened",Allie Brosh,4.7,3,3.85,2013
Make Your Bed: Little Things That Can Change Your Life...And Maybe the World,Admiral William H. McRaven,4.7,3,3.85,2017
Milk and Honey,Rupi Kaur,4.7,3,3.85,2016
Milk and Honey,Rupi Kaur,4.7,3,3.85,2017
Radical: Taking Back Your Faith from the American Dream,David Platt,4.7,3,3.85,2010
The Art of Racing in the Rain: A Novel,Garth Stein,4.7,3,3.85,2010
The Fault in Our Stars,John Green,4.7,3,3.85,2014
The Four Agreements: A Practical Guide to Personal Freedom (A Toltec Wisdom Book),Don Miguel Ruiz,4.7,3,3.85,2015
The Four Agreements: A Practical Guide to Personal Freedom (A Toltec Wisdom Book),Don Miguel Ruiz,4.7,3,3.85,2017
The Four Agreements: A Practical Guide to Personal Freedom (A Toltec Wisdom Book),Don Miguel Ruiz,4.7,3,3.85,2019
The Girl Who Kicked the Hornet's Nest (Millennium Trilogy),Stieg Larsson,4.7,3,3.85,2011
The Hunger Games (Book 1),Suzanne Collins,4.7,3,3.85,2012
The Immortal Life of Henrietta Lacks,Rebecca Skloot,4.7,3,3.85,2010
The Immortal Life of Henrietta Lacks,Rebecca Skloot,4.7,3,3.85,2012
The Last Lecture,Randy Pausch,4.7,3,3.85,2009
The Total Money Makeover: Classic Edition: A Proven Plan for Financial Fitness,Dave Ramsey,4.7,3,3.85,2019
The Unofficial Harry Potter Cookbook: From Cauldron Cakes to Knickerbocker Glory--More Than 150 Magical Recipes for…,Dinah Bucholz,4.7,3,3.85,2019
A Game of Thrones / A Clash of Kings / A Storm of Swords / A Feast of Crows / A Dance with Dragons,George R. R. Martin,4.7,2,3.35,2014
A Gentleman in Moscow: A Novel,Amor Towles,4.7,2,3.35,2017
"A Higher Loyalty: Truth, Lies, and Leadership",James Comey,4.7,2,3.35,2018
Born to Run,Bruce Springsteen,4.7,2,3.35,2016
How to Win Friends & Influence People,Dale Carnegie,4.7,2,3.35,2015
How to Win Friends & Influence People,Dale Carnegie,4.7,2,3.35,2016
How to Win Friends & Influence People,Dale Carnegie,4.7,2,3.35,2017
Killing Lincoln: The Shocking Assassination that Changed America Forever (Bill O'Reilly's Killing Series),Bill O'Reilly,4.7,2,3.35,2012
Night (Night),Elie Wiesel,4.7,2,3.35,2016
P is for Potty! (Sesame Street) (Lift-the-Flap),Naomi Kleinberg,4.7,2,3.35,2018
P is for Potty! (Sesame Street) (Lift-the-Flap),Naomi Kleinberg,4.7,2,3.35,2019
Radical: Taking Back Your Faith from the American Dream,David Platt,4.7,2,3.35,2011
"Secret Garden: An Inky Treasure Hunt and Coloring Book (For Adults, mindfulness coloring)",Johanna Basford,4.7,2,3.35,2015
Sh*t My Dad Says,Justin Halpern,4.7,2,3.35,2010
Sookie Stackhouse,Charlaine Harris,4.7,2,3.35,2009
The 5 Love Languages: The Secret to Love That Lasts,Gary Chapman,4.7,2,3.35,2014
The 7 Habits of Highly Effective People: Powerful Lessons in Personal Change,Stephen R. Covey,4.7,2,3.35,2015
The Fault in Our Stars,John Green,4.7,2,3.35,2013
The Girl Who Kicked the Hornet's Nest (Millennium Trilogy),Stieg Larsson,4.7,2,3.35,2010
The Sun and Her Flowers,Rupi Kaur,4.7,2,3.35,2017
"The Throne of Fire (The Kane Chronicles, Book 2)",Rick Riordan,4.7,2,3.35,2011
The Twilight Saga Collection,Stephenie Meyer,4.7,2,3.35,2009
What If?: Serious Scientific Answers to Absurd Hypothetical Questions,Randall Munroe,4.7,2,3.35,2014
10-Day Green Smoothie Cleanse,JJ Smith,4.7,1,2.85,2016
12 Rules for Life: An Antidote to Chaos,Jordan B. Peterson,4.7,1,2.85,2018
1984 (Signet Classics),George Orwell,4.7,1,2.85,2017
"Barefoot Contessa, How Easy Is That?: Fabulous Recipes & Easy Tips",Ina Garten,4.7,1,2.85,2010
Catching Fire (The Hunger Games),Suzanne Collins,4.7,1,2.85,2010
Catching Fire (The Hunger Games),Suzanne Collins,4.7,1,2.85,2012
Crazy Love: Overwhelmed by a Relentless God,Francis Chan,4.7,1,2.85,2009
Crazy Love: Overwhelmed by a Relentless God,Francis Chan,4.7,1,2.85,2011
Eclipse (Twilight Sagas),Stephenie Meyer,4.7,1,2.85,2009
"Enchanted Forest: An Inky Quest and Coloring book (Activity Books, Mindfulness and Meditation, Illustrated Floral Prints…",Johanna Basford,4.7,1,2.85,2015
First 100 Words,Roger Priddy,4.7,1,2.85,2018
Frozen (Little Golden Book),RH Disney,4.7,1,2.85,2014
How to Win Friends & Influence People,Dale Carnegie,4.7,1,2.85,2018
Killing Lincoln: The Shocking Assassination that Changed America Forever (Bill O'Reilly's Killing Series),Bill O'Reilly,4.7,1,2.85,2011
The 5 Love Languages: The Secret to Love That Lasts,Gary Chapman,4.7,1,2.85,2011
The 5 Love Languages: The Secret to Love That Lasts,Gary Chapman,4.7,1,2.85,2012
The 5 Love Languages: The Secret to Love That Lasts,Gary Chapman,4.7,1,2.85,2013
The 7 Habits of Highly Effective People: Powerful Lessons in Personal Change,Stephen R. Covey,4.7,1,2.85,2016
The 7 Habits of Highly Effective People: Powerful Lessons in Personal Change,Stephen R. Covey,4.7,1,2.85,2017
The Art of Racing in the Rain: A Novel,Garth Stein,4.7,1,2.85,2011
The China Study: The Most Comprehensive Study of Nutrition Ever Conducted And the Startling Implications for Diet…,Thomas Campbell,4.7,1,2.85,2011
The Four Agreements: A Practical Guide to Personal Freedom (A Toltec Wisdom Book),Don Miguel Ruiz,4.7,1,2.85,2013
The Four Agreements: A Practical Guide to Personal Freedom (A Toltec Wisdom Book),Don Miguel Ruiz,4.7,1,2.85,2016
The Four Agreements: A Practical Guide to Personal Freedom (A Toltec Wisdom Book),Don Miguel Ruiz,4.7,1,2.85,2018
The Girl Who Played with Fire (Millennium Series),Stieg Larsson,4.7,1,2.85,2010
The Hunger Games,Suzanne Collins,4.7,1,2.85,2010
The Immortal Life of Henrietta Lacks,Rebecca Skloot,4.7,1,2.85,2011
The Martian,Andy Weir,4.7,1,2.85,2015
"Things That Matter: Three Decades of Passions, Pastimes and Politics [Deckled Edge]",Charles Krauthammer,4.7,1,2.85,2013
"Twilight (The Twilight Saga, Book 1)",Stephenie Meyer,4.7,1,2.85,2009
"Uninvited: Living Loved When You Feel Less Than, Left Out, and Lonely",Lysa TerKeurst,4.7,1,2.85,2016
You Are a Badass: How to Stop Doubting Your Greatness and Start Living an Awesome Life,Jen Sincero,4.7,1,2.85,2017
A Man Called Ove: A Novel,Fredrik Backman,4.6,4,4.3,2016
A Stolen Life: A Memoir,Jaycee Dugard,4.6,4,4.3,2011
Arguing with Idiots: How to Stop Small Minds and Big Government,Glenn Beck,4.6,4,4.3,2009
Cutting for Stone,Abraham Verghese,4.6,4,4.3,2011
Decision Points,George W. Bush,4.6,4,4.3,2010
Divergent,Veronica Roth,4.6,4,4.3,2013
"Divine Soul Mind Body Healing and Transmission System: The Divine Way to Heal You, Humanity, Mother Earth, and All…",Zhi Gang Sha,4.6,4,4.3,2009
Game of Thrones Boxed Set: A Game of Thrones/A Clash of Kings/A Storm of Swords/A Feast for Crows,George R.R. Martin,4.6,4,4.3,2011
Game of Thrones Boxed Set: A Game of Thrones/A Clash of Kings/A Storm of Swords/A Feast for Crows,George R.R. Martin,4.6,4,4.3,2012
George Washington's Secret Six: The Spy Ring That Saved the American Revolution,Brian Kilmeade,4.6,4,4.3,2013
"Girl, Wash Your Face: Stop Believing the Lies About Who You Are So You Can Become Who You Were Meant to Be",Rachel Hollis,4.6,4,4.3,2018
"Glenn Beck's Common Sense: The Case Against an Out-of-Control Government, Inspired by Thomas Paine",Glenn Beck,4.6,4,4.3,2009
Good Days Start With Gratitude: A 52 Week Guide To Cultivate An Attitude Of Gratitude: Gratitude Journal,Pretty Simple Press,4.6,4,4.3,2019
Killers of the Flower Moon: The Osage Murders and the Birth of the FBI,David Grann,4.6,4,4.3,2017
Laugh-Out-Loud Jokes for Kids,Rob Elliott,4.6,4,4.3,2014
Laugh-Out-Loud Jokes for Kids,Rob Elliott,4.6,4,4.3,2017
One Thousand Gifts: A Dare to Live Fully Right Where You Are,Ann Voskamp,4.6,4,4.3,2011
One Thousand Gifts: A Dare to Live Fully Right Where You Are,Ann Voskamp,4.6,4,4.3,2012
Quiet: The Power of Introverts in a World That Can't Stop Talking,Susan Cain,4.6,4,4.3,2013
The 7 Habits of Highly Effective People: Powerful Lessons in Personal Change,Stephen R. Covey,4.6,4,4.3,2009
The 7 Habits of Highly Effective People: Powerful Lessons in Personal Change,Stephen R. Covey,4.6,4,4.3,2013
The Five Dysfunctions of a Team: A Leadership Fable,Patrick Lencioni,4.6,4,4.3,2012
The Five Love Languages: How to Express Heartfelt Commitment to Your Mate,Gary Chapman,4.6,4,4.3,2009
"The Road to Serfdom: Text and Documents--The Definitive Edition (The Collected Works of F. A. Hayek, Volume 2)",F. A. Hayek,4.6,4,4.3,2010
Thug Kitchen: The Official Cookbook: Eat Like You Give a F*ck (Thug Kitchen Cookbooks),Thug Kitchen,4.6,4,4.3,2017
Whose Boat Is This Boat?: Comments That Don't Help in the Aftermath of a Hurricane,The Staff of The Late Show with,4.6,4,4.3,2018
"Act Like a Lady, Think Like a Man: What Men Really Think About Love, Relationships, Intimacy, and Commitment",Steve Harvey,4.6,3,3.8,2009
Adult Coloring Book: Stress Relieving Animal Designs,Blue Star Coloring,4.6,3,3.8,2015
Cutting for Stone,Abraham Verghese,4.6,3,3.8,2010
Difficult Riddles For Smart Kids: 300 Difficult Riddles And Brain Teasers Families Will Love (Books for Smart Kids),M Prefontaine,4.6,3,3.8,2019
Fahrenheit 451,Ray Bradbury,4.6,3,3.8,2018
Game of Thrones Boxed Set: A Game of Thrones/A Clash of Kings/A Storm of Swords/A Feast for Crows,George R.R. Martin,4.6,3,3.8,2013
"Girl, Stop Apologizing: A Shame-Free Plan for Embracing and Achieving Your Goals",Rachel Hollis,4.6,3,3.8,2019
"Grain Brain: The Surprising Truth about Wheat, Carbs, and Sugar--Your Brain's Silent Killers",David Perlmutter MD,4.6,3,3.8,2014
"I, Alex Cross",James Patterson,4.6,3,3.8,2009
Inheritance: Book IV (Inheritance Cycle),Christopher Paolini,4.6,3,3.8,2011
JOURNEY TO THE ICE P,RH Disney,4.6,3,3.8,2014
Killing Kennedy: The End of Camelot,Bill O'Reilly,4.6,3,3.8,2012
Mindset: The New Psychology of Success,Carol S. Dweck,4.6,3,3.8,2015
No Easy Day: The Autobiography of a Navy Seal: The Firsthand Account of the Mission That Killed Osama Bin Laden,Mark Owen,4.6,3,3.8,2012
Ready Player One: A Novel,Ernest Cline,4.6,3,3.8,2018
The 7 Habits of Highly Effective People: Powerful Lessons in Personal Change,Stephen R. Covey,4.6,3,3.8,2012
The Book Thief,Markus Zusak,4.6,3,3.8,2013
The Five Dysfunctions of a Team: A Leadership Fable,Patrick Lencioni,4.6,3,3.8,2013
The Power of Habit: Why We Do What We Do in Life and Business,Charles Duhigg,4.6,3,3.8,2012
"The Red Pyramid (The Kane Chronicles, Book 1)",Rick Riordan,4.6,3,3.8,2010
The Subtle Art of Not Giving a F*ck: A Counterintuitive Approach to Living a Good Life,Mark Manson,4.6,3,3.8,2017
The Subtle Art of Not Giving a F*ck: A Counterintuitive Approach to Living a Good Life,Mark Manson,4.6,3,3.8,2018
The Whole30: The 30-Day Guide to Total Health and Food Freedom,Melissa Hartwig Urban,4.6,3,3.8,2015
The Whole30: The 30-Day Guide to Total Health and Food Freedom,Melissa Hartwig Urban,4.6,3,3.8,2017
What Happened,Hillary Rodham Clinton,4.6,3,3.8,2017
11/22/63: A Novel,Stephen King,4.6,2,3.3,2011
A Patriot's History of the United States: From Columbus's Great Discovery to the War on Terror,Larry Schweikart,4.6,2,3.3,2010
All the Light We Cannot See,Anthony Doerr,4.6,2,3.3,2015
Baby Touch and Feel: Animals,DK,4.6,2,3.3,2015
"Breaking Dawn (The Twilight Saga, Book 4)",Stephenie Meyer,4.6,2,3.3,2009
Dead And Gone: A Sookie Stackhouse Novel (Sookie Stackhouse/True Blood),Charlaine Harris,4.6,2,3.3,2009
Divergent,Veronica Roth,4.6,2,3.3,2014
Fahrenheit 451,Ray Bradbury,4.6,2,3.3,2016
"Girl, Wash Your Face: Stop Believing the Lies About Who You Are So You Can Become Who You Were Meant to Be",Rachel Hollis,4.6,2,3.3,2019
Going Rogue: An American Life,Sarah Palin,4.6,2,3.3,2009
Killing Reagan: The Violent Assault That Changed a Presidency (Bill O'Reilly's Killing Series),Bill O'Reilly,4.6,2,3.3,2015
Laugh-Out-Loud Jokes for Kids,Rob Elliott,4.6,2,3.3,2013
Laugh-Out-Loud Jokes for Kids,Rob Elliott,4.6,2,3.3,2016
New Moon (The Twilight Saga),Stephenie Meyer,4.6,2,3.3,2009
Orphan Train,Christina Baker Kline,4.6,2,3.3,2014
Ready Player One: A Novel,Ernest Cline,4.6,2,3.3,2017
Steve Jobs,Walter Isaacson,4.6,2,3.3,2011
Steve Jobs,Walter Isaacson,4.6,2,3.3,2012
The Amateur,Edward Klein,4.6,2,3.3,2012
The Five Dysfunctions of a Team: A Leadership Fable,Patrick Lencioni,4.6,2,3.3,2009
The Five Dysfunctions of a Team: A Leadership Fable,Patrick Lencioni,4.6,2,3.3,2010
The Harbinger: The Ancient Mystery that Holds the Secret of America's Future,Jonathan Cahn,4.6,2,3.3,2012
The Shack: Where Tragedy Confronts Eternity,William P. Young,4.6,2,3.3,2009
The Shack: Where Tragedy Confronts Eternity,William P. Young,4.6,2,3.3,2017
The Subtle Art of Not Giving a F*ck: A Counterintuitive Approach to Living a Good Life,Mark Manson,4.6,2,3.3,2019
The Whole30: The 30-Day Guide to Total Health and Food Freedom,Melissa Hartwig Urban,4.6,2,3.3,2016
"Thinking, Fast and Slow",Daniel Kahneman,4.6,2,3.3,2012
Thug Kitchen: The Official Cookbook: Eat Like You Give a F*ck (Thug Kitchen Cookbooks),Thug Kitchen,4.6,2,3.3,2015
Thug Kitchen: The Official Cookbook: Eat Like You Give a F*ck (Thug Kitchen Cookbooks),Thug Kitchen,4.6,2,3.3,2016
"Tools of Titans: The Tactics, Routines, and Habits of Billionaires, Icons, and World-Class Performers",Timothy Ferriss,4.6,2,3.3,2017
A Man Called Ove: A Novel,Fredrik Backman,4.6,1,2.8,2017
All the Light We Cannot See,Anthony Doerr,4.6,1,2.8,2014
American Sniper: The Autobiography of the Most Lethal Sniper in U.S. Military History,Chris Kyle,4.6,1,2.8,2015
Balance (Angie's Extreme Stress Menders),Angie Grace,4.6,1,2.8,2015
Calm the F*ck Down: An Irreverent Adult Coloring Book (Irreverent Book Series),Sasha O'Hara,4.6,1,2.8,2016
"Delivering Happiness: A Path to Profits, Passion, and Purpose",Tony Hsieh,4.6,1,2.8,2010
Dover Creative Haven Art Nouveau Animal Designs Coloring Book (Creative Haven Coloring Books),Marty Noble,4.6,1,2.8,2015
Killing Patton: The Strange Death of World War II's Most Audacious General (Bill O'Reilly's Killing Series),Bill O'Reilly,4.6,1,2.8,2014
Laugh-Out-Loud Jokes for Kids,Rob Elliott,4.6,1,2.8,2015
Mindset: The New Psychology of Success,Carol S. Dweck,4.6,1,2.8,2014
Mindset: The New Psychology of Success,Carol S. Dweck,4.6,1,2.8,2016
Outliers: The Story of Success,Malcolm Gladwell,4.6,1,2.8,2009
Outliers: The Story of Success,Malcolm Gladwell,4.6,1,2.8,2010
Quiet: The Power of Introverts in a World That Can't Stop Talking,Susan Cain,4.6,1,2.8,2012
Sarah's Key,Tatiana de Rosnay,4.6,1,2.8,2010
"Soul Healing Miracles: Ancient and New Sacred Wisdom, Knowledge, and Practical Techniques for Healing the Spiritual…",Zhi Gang Sha,4.6,1,2.8,2013
Switch: How to Change Things When Change Is Hard,Chip Heath,4.6,1,2.8,2010
The 7 Habits of Highly Effective People: Powerful Lessons in Personal Change,Stephen R. Covey,4.6,1,2.8,2011
The Book Thief,Markus Zusak,4.6,1,2.8,2014
The Five Dysfunctions of a Team: A Leadership Fable,Patrick Lencioni,4.6,1,2.8,2011
The Mueller Report,The Washington Post,4.6,1,2.8,2019
The Short Second Life of Bree Tanner: An Eclipse Novella (The Twilight Saga),Stephenie Meyer,4.6,1,2.8,2010
"Thinking, Fast and Slow",Daniel Kahneman,4.6,1,2.8,2011
Thug Kitchen: The Official Cookbook: Eat Like You Give a F*ck (Thug Kitchen Cookbooks),Thug Kitchen,4.6,1,2.8,2014
A Wrinkle in Time (Time Quintet),Madeleine L'Engle,4.5,4,4.25,2018
"Eat to Live: The Amazing Nutrient-Rich Program for Fast and Sustained Weight Loss, Revised Edition",Joel Fuhrman MD,4.5,4,4.25,2011
Fifty Shades Trilogy (Fifty Shades of Grey / Fifty Shades Darker / Fifty Shades Freed),E L James,4.5,4,4.25,2012
Joyland (Hard Case Crime),Stephen King,4.5,4,4.25,2013
Leonardo da Vinci,Walter Isaacson,4.5,4,4.25,2017
"Publication Manual of the American Psychological Association, 6th Edition",American Psychological Association,4.5,4,4.25,2009
"Publication Manual of the American Psychological Association, 6th Edition",American Psychological Association,4.5,4,4.25,2011
"Publication Manual of the American Psychological Association, 6th Edition",American Psychological Association,4.5,4,4.25,2015
"Publication Manual of the American Psychological Association, 6th Edition",American Psychological Association,4.5,4,4.25,2018
The Life-Changing Magic of Tidying Up: The Japanese Art of Decluttering and Organizing,Marie Kondō,4.5,4,4.25,2016
The Life-Changing Magic of Tidying Up: The Japanese Art of Decluttering and Organizing,Marie Kondō,4.5,4,4.25,2017
The Silent Patient,Alex Michaelides,4.5,4,4.25,2019
"Adult Coloring Books: A Coloring Book for Adults Featuring Mandalas and Henna Inspired Flowers, Animals, and Paisley…",Coloring Books for Adults,4.5,3,3.75,2015
"Diagnostic and Statistical Manual of Mental Disorders, 5th Edition: DSM-5",American Psychiatric Association,4.5,3,3.75,2014
"Eat to Live: The Amazing Nutrient-Rich Program for Fast and Sustained Weight Loss, Revised Edition",Joel Fuhrman MD,4.5,3,3.75,2012
George Washington's Sacred Fire,Peter A. Lillback,4.5,3,3.75,2010
Good to Great: Why Some Companies Make the Leap and Others Don't,Jim Collins,4.5,3,3.75,2012
Knock-Knock Jokes for Kids,Rob Elliott,4.5,3,3.75,2014
Life,Keith Richards,4.5,3,3.75,2010
Make It Ahead: A Barefoot Contessa Cookbook,Ina Garten,4.5,3,3.75,2014
Mockingjay (The Hunger Games),Suzanne Collins,4.5,3,3.75,2010
"Publication Manual of the American Psychological Association, 6th Edition",American Psychological Association,4.5,3,3.75,2013
Sycamore Row (Jake Brigance),John Grisham,4.5,3,3.75,2013
The Guardians: A Novel,John Grisham,4.5,3,3.75,2019
The Life-Changing Magic of Tidying Up: The Japanese Art of Decluttering and Organizing,Marie Kondō,4.5,3,3.75,2015
The Maze Runner (Book 1),James Dashner,4.5,3,3.75,2014
Thomas Jefferson: The Art of Power,Jon Meacham,4.5,3,3.75,2012
Ultimate Sticker Book: Frozen: More Than 60 Reusable Full-Color Stickers,DK,4.5,3,3.75,2014
Water for Elephants: A Novel,Sara Gruen,4.5,3,3.75,2011
"Adult Coloring Book Designs: Stress Relief Coloring Book: Garden Designs, Mandalas, Animals, and Paisley Patterns",Adult Coloring Book Designs,4.5,2,3.25,2016
"Broke: The Plan to Restore Our Trust, Truth and Treasure",Glenn Beck,4.5,2,3.25,2010
"Diagnostic and Statistical Manual of Mental Disorders, 5th Edition: DSM-5",American Psychiatric Association,4.5,2,3.25,2013
Drive: The Surprising Truth About What Motivates Us,Daniel H. Pink,4.5,2,3.25,2010
Fifty Shades Freed: Book Three of the Fifty Shades Trilogy (Fifty Shades of Grey Series) (English Edition),E L James,4.5,2,3.25,2012
Good to Great: Why Some Companies Make the Leap and Others Don't,Jim Collins,4.5,2,3.25,2009
Good to Great: Why Some Companies Make the Leap and Others Don't,Jim Collins,4.5,2,3.25,2011
Knock-Knock Jokes for Kids,Rob Elliott,4.5,2,3.25,2013
Knock-Knock Jokes for Kids,Rob Elliott,4.5,2,3.25,2015
Little Fires Everywhere,Celeste Ng,4.5,2,3.25,2018
Looking for Alaska,John Green,4.5,2,3.25,2014
Mockingjay (The Hunger Games),Suzanne Collins,4.5,2,3.25,2012
"Option B: Facing Adversity, Building Resilience, and Finding Joy",Sheryl Sandberg,4.5,2,3.25,2017
"Publication Manual of the American Psychological Association, 6th Edition",American Psychological Association,4.5,2,3.25,2012
"Publication Manual of the American Psychological Association, 6th Edition",American Psychological Association,4.5,2,3.25,2014
"Super Freakonomics: Global Cooling, Patriotic Prostitutes, and Why Suicide Bombers Should Buy Life Insurance",Steven D. Levitt,4.5,2,3.25,2009
Winter of the World: Book Two of the Century Trilogy,Ken Follett,4.5,2,3.25,2012
Capital in the Twenty First Century,Thomas Piketty,4.5,1,2.75,2014
Divergent / Insurgent,Veronica Roth,4.5,1,2.75,2014
Eat This Not That! Supermarket Survival Guide: The No-Diet Weight Loss Solution,David Zinczenko,4.5,1,2.75,2009
Good to Great: Why Some Companies Make the Leap and Others Don't,Jim Collins,4.5,1,2.75,2010
Killing Jesus (Bill O'Reilly's Killing Series),Bill O'Reilly,4.5,1,2.75,2013
"Lean In: Women, Work, and the Will to Lead",Sheryl Sandberg,4.5,1,2.75,2013
Mockingjay (The Hunger Games),Suzanne Collins,4.5,1,2.75,2011
"Publication Manual of the American Psychological Association, 6th Edition",American Psychological Association,4.5,1,2.75,2010
"Publication Manual of the American Psychological Association, 6th Edition",American Psychological Association,4.5,1,2.75,2016
"Publication Manual of the American Psychological Association, 6th Edition",American Psychological Association,4.5,1,2.75,2017
The Life-Changing Magic of Tidying Up: The Japanese Art of Decluttering and Organizing,Marie Kondō,4.5,1,2.75,2019
"The Plant Paradox Cookbook: 100 Delicious Recipes to Help You Lose Weight, Heal Your Gut, and Live Lectin-Free",Dr. Steven R Gundry MD,4.5,1,2.75,2018
Thirteen Reasons Why,Jay Asher,4.5,1,2.75,2017
True Compass: A Memoir,Edward M. Kennedy,4.5,1,2.75,2009
Adult Coloring Book: Stress Relieving Patterns,Blue Star Coloring,4.4,4,4.2,2015
"David and Goliath: Underdogs, Misfits, and the Art of Battling Giants",Malcolm Gladwell,4.4,4,4.2,2013
Fear: Trump in the White House,Bob Woodward,4.4,4,4.2,2018
Instant Pot Pressure Cooker Cookbook: 500 Everyday Recipes for Beginners and Advanced Users. Try Easy and Healthy…,Jennifer Smith,4.4,4,4.2,2018
Lettering and Modern Calligraphy: A Beginner's Guide: Learn Hand Lettering and Brush Lettering,Paper Peony Press,4.4,4,4.2,2018
Milk and Vine: Inspirational Quotes From Classic Vines,Adam Gasiewski,4.4,4,4.2,2017
The Lego Ideas Book: Unlock Your Imagination,Daniel Lipkowitz,4.4,4,4.2,2011
The Litigators,John Grisham,4.4,4,4.2,2011
The Official SAT Study Guide,The College Board,4.4,4,4.2,2014
The Time Traveler's Wife,Audrey Niffenegger,4.4,4,4.2,2009
"Game Change: Obama and the Clintons, McCain and Palin, and the Race of a Lifetime",John Heilemann,4.4,3,3.7,2010
Hillbilly Elegy: A Memoir of a Family and Culture in Crisis,J. D. Vance,4.4,3,3.7,2016
Hillbilly Elegy: A Memoir of a Family and Culture in Crisis,J. D. Vance,4.4,3,3.7,2017
Teach Like a Champion: 49 Techniques that Put Students on the Path to College,Doug Lemov,4.4,3,3.7,2010
Teach Like a Champion: 49 Techniques that Put Students on the Path to College,Doug Lemov,4.4,3,3.7,2011
The Great Gatsby,F. Scott Fitzgerald,4.4,3,3.7,2012
The Official SAT Study Guide,The College Board,4.4,3,3.7,2010
The Official SAT Study Guide,The College Board,4.4,3,3.7,2011
What to Expect When You're Expecting,Heidi Murkoff,4.4,3,3.7,2011
"Wheat Belly: Lose the Wheat, Lose the Weight, and Find Your Path Back to Health",William Davis,4.4,3,3.7,2012
"Wheat Belly: Lose the Wheat, Lose the Weight, and Find Your Path Back to Health",William Davis,4.4,3,3.7,2013
A Dance with Dragons (A Song of Ice and Fire),George R. R. Martin,4.4,2,3.2,2011
Fifty Shades Darker,E L James,4.4,2,3.2,2012
Food Rules: An Eater's Manual,Michael Pollan,4.4,2,3.2,2010
"In the Garden of Beasts: Love, Terror, and an American Family in Hitler's Berlin",Eric Larson,4.4,2,3.2,2011
The Girl with the Dragon Tattoo (Millennium Series),Stieg Larsson,4.4,2,3.2,2009
The Girl with the Dragon Tattoo (Millennium Series),Stieg Larsson,4.4,2,3.2,2010
The Great Gatsby,F. Scott Fitzgerald,4.4,2,3.2,2013
The Lego Ideas Book: Unlock Your Imagination,Daniel Lipkowitz,4.4,2,3.2,2012
The Official SAT Study Guide,The College Board,4.4,2,3.2,2012
The Official SAT Study Guide,The College Board,4.4,2,3.2,2013
"The Plant Paradox: The Hidden Dangers in ""Healthy"" Foods That Cause Disease and Weight Gain",Dr. Steven R Gundry MD,4.4,2,3.2,2018
Wild: From Lost to Found on the Pacific Crest Trail,Cheryl Strayed,4.4,2,3.2,2012
Grey: Fifty Shades of Grey as Told by Christian (Fifty Shades of Grey Series),E L James,4.4,1,2.7,2015
Instant Pot Pressure Cooker Cookbook: 500 Everyday Recipes for Beginners and Advanced Users. Try Easy and Healthy…,Jennifer Smith,4.4,1,2.7,2019
The Daily Show with Jon Stewart Presents Earth (The Book): A Visitor's Guide to the Human Race,Jon Stewart,4.4,1,2.7,2010
The Great Gatsby,F. Scott Fitzgerald,4.4,1,2.7,2014
The Tipping Point: How Little Things Can Make a Big Difference,Malcolm Gladwell,4.4,1,2.7,2009
"Eat This, Not That! Thousands of Simple Food Swaps that Can Save You 10, 20, 30 Pounds--or More!",David Zinczenko,4.3,4,4.15,2009
Howard Stern Comes Again,Howard Stern,4.3,4,4.15,2019
Proof of Heaven: A Neurosurgeon's Journey into the Afterlife,Eben Alexander,4.3,4,4.15,2013
The Handmaid's Tale,Margaret Atwood,4.3,4,4.15,2017
Three Cups of Tea: One Man's Mission to Promote Peace - One School at a Time,Greg Mortenson,4.3,4,4.15,2010
Under the Dome: A Novel,Stephen King,4.3,4,4.15,2009
"The 4 Hour Body: An Uncommon Guide to Rapid Fat Loss, Incredible Sex and Becoming Superhuman",Timothy Ferriss,4.3,3,3.65,2011
The Complete Ketogenic Diet for Beginners: Your Essential Guide to Living the Keto Lifestyle,Amy Ramos,4.3,3,3.65,2019
The Confession: A Novel,John Grisham,4.3,3,3.65,2010
The Instant Pot Electric Pressure Cooker Cookbook: Easy Recipes for Fast & Healthy Meals,Laurel Randolph,4.3,3,3.65,2017
The Instant Pot Electric Pressure Cooker Cookbook: Easy Recipes for Fast & Healthy Meals,Laurel Randolph,4.3,3,3.65,2018
And the Mountains Echoed,Khaled Hosseini,4.3,2,3.15,2013
Crazy Rich Asians (Crazy Rich Asians Trilogy),Kevin Kwan,4.3,2,3.15,2018
"Dead in the Family (Sookie Stackhouse/True Blood, Book 10)",Charlaine Harris,4.3,2,3.15,2010
If I Stay,Gayle Forman,4.3,2,3.15,2014
Origin: A Novel (Robert Langdon),Dan Brown,4.3,2,3.15,2017
Proof of Heaven: A Neurosurgeon's Journey into the Afterlife,Eben Alexander,4.3,2,3.15,2012
The 17 Day Diet: A Doctor's Plan Designed for Rapid Results,Mike Moreno,4.3,2,3.15,2011
The Complete Ketogenic Diet for Beginners: Your Essential Guide to Living the Keto Lifestyle,Amy Ramos,4.3,2,3.15,2018
Three Cups of Tea: One Man's Mission to Promote Peace - One School at a Time,Greg Mortenson,4.3,2,3.15,2009
Tina Fey: Bossypants,Tina Fey,4.3,2,3.15,2011
"The Official SAT Study Guide, 2016 Edition (Official Study Guide for the New Sat)",The College Board,4.3,1,2.65,2016
The Paris Wife: A Novel,Paula McLain,4.3,1,2.65,2011
The President Is Missing: A Novel,James Patterson,4.3,1,2.65,2018
The Racketeer,John Grisham,4.3,1,2.65,2012
Women Food and God: An Unexpected Path to Almost Everything,Geneen Roth,4.2,3,3.6,2010
"Autobiography of Mark Twain, Vol. 1",Mark Twain,4.2,2,3.1,2010
The Lost Symbol,Dan Brown,4.2,2,3.1,2009
"Dead Reckoning (Sookie Stackhouse/True Blood, Book 11)",Charlaine Harris,4.2,1,2.6,2011
Fire and Fury: Inside the Trump White House,Michael Wolff,4.2,1,2.6,2018
"Love Wins: A Book About Heaven, Hell, and the Fate of Every Person Who Ever Lived",Rob Bell,4.2,1,2.6,2011
Olive Kitteridge,Elizabeth Strout,4.2,1,2.6,2009
"The Blood Sugar Solution: The UltraHealthy Program for Losing Weight, Preventing Disease, and Feeling Great Now!",Mark Hyman M.D.,4.2,1,2.6,2012
Shred: The Revolutionary Diet: 6 Weeks 4 Inches 2 Sizes,Ian K. Smith M.D.,4.1,3,3.55,2013
"The Dukan Diet: 2 Steps to Lose the Weight, 2 Steps to Keep It Off Forever",Pierre Dukan,4.1,3,3.55,2011
Inferno,Dan Brown,4.1,2,3.05,2013
Little Bee: A Novel,Chris Cleave,4.1,2,3.05,2010
The Girl on the Train,Paula Hawkins,4.1,1,2.55,2015
The Girl on the Train,Paula Hawkins,4.1,1,2.55,2016
Gone Girl,Gillian Flynn,4.0,4,4.0,2012
StrengthsFinder 2.0,Gallup,4.0,4,4.0,2009
StrengthsFinder 2.0,Gallup,4.0,4,4.0,2010
StrengthsFinder 2.0,Gallup,4.0,4,4.0,2013
StrengthsFinder 2.0,Gallup,4.0,4,4.0,2014
StrengthsFinder 2.0,Gallup,4.0,4,4.0,2015
StrengthsFinder 2.0,Gallup,4.0,4,4.0,2016
The Elegance of the Hedgehog,Muriel Barbery,4.0,4,4.0,2009
Gone Girl,Gillian Flynn,4.0,2,3.0,2013
Gone Girl,Gillian Flynn,4.0,2,3.0,2014
StrengthsFinder 2.0,Gallup,4.0,2,3.0,2012
StrengthsFinder 2.0,Gallup,4.0,2,3.0,2017
"Harry Potter and the Cursed Child, Parts 1 & 2, Special Rehearsal Edition Script",J.K. Rowling,4.0,1,2.5,2016
StrengthsFinder 2.0,Gallup,4.0,1,2.5,2011
Allegiant,Veronica Roth,3.9,4,3.95,2013
The Goldfinch: A Novel (Pulitzer Prize for Fiction),Donna Tartt,3.9,3,3.45,2014
The Goldfinch: A Novel (Pulitzer Prize for Fiction),Donna Tartt,3.9,2,2.95,2013
Fifty Shades of Grey: Book One of the Fifty Shades Trilogy (Fifty Shades of Grey Series),E L James,3.8,4,3.9,2013
Fifty Shades of Grey: Book One of the Fifty Shades Trilogy (Fifty Shades of Grey Series),E L James,3.8,2,2.9,2012
Go Set a Watchman: A Novel,Harper Lee,3.6,4,3.8,2015
The Casual Vacancy,J.K. Rowling,3.3,2,2.65,2012
